refYear,refMonth,origin,tonnes,share_pct
2019,1,India,619122.54969,6.416061952400249
2019,1,Kuwait,95928.90225,0.9941259289779167
2019,1,Other,1980200.354117,20.521120021457996
2019,1,Russian Federation,4166248.3191,43.17547041020134
2019,1,Saudi Arabia,1372542.214,14.223865504039546
2019,1,USA,894179.7237049999,9.266521638961525
2019,1,United Arab Emirates,521350.436331,5.402834543961411
2019,2,India,694242.69136,8.459552132755018
2019,2,Kuwait,105112.21951800001,1.2808234236649876
2019,2,Other,1184556.739461,14.434173548224404
2019,2,Russian Federation,3896605.0793330004,47.4812831587769
2019,2,Saudi Arabia,1386120.775,16.890290822416134
2019,2,USA,515265.671503,6.278664312273372
2019,2,United Arab Emirates,424709.661778,5.175212601889193
2019,3,India,786324.492309,8.922432003596818
2019,3,Kuwait,66055.7,0.7495346990519329
2019,3,Other,1930055.273999,21.90035680418853
2019,3,Russian Federation,3755242.82124,42.61077844735662
2019,3,Saudi Arabia,855673.218,9.709332698622966
2019,3,USA,798971.140639,9.065933650692255
2019,3,United Arab Emirates,620571.5511800001,7.041631696490878
2019,4,India,982982.126,11.420848412444592
2019,4,Kuwait,181449.01145,2.10817836819789
2019,4,Other,1606114.4995090002,18.66075663711672
2019,4,Russian Federation,3735901.1073780004,43.40583526668116
2019,4,Saudi Arabia,1056512.49677,12.27516630497056
2019,4,USA,460550.409121,5.350937997483261
2019,4,United Arab Emirates,583400.191329,6.778277013105812
2019,5,India,465770.3169,5.191038953234718
2019,5,Kuwait,125430.795823,1.3979339675100353
2019,5,Other,1883105.1571739998,20.987323299149075
2019,5,Russian Federation,4010648.99557,44.6989307998892
2019,5,Saudi Arabia,1198608.92,13.358570453407514
2019,5,USA,527319.863011,5.8770124466566145
2019,5,United Arab Emirates,761699.688536,8.489190080152847
2019,6,India,649631.70235,7.371099751858959
2019,6,Kuwait,54310.9,0.6162431113892155
2019,6,Other,1919093.718823,21.775155343310196
2019,6,Russian Federation,3580582.85414,40.627379009040745
2019,6,Saudi Arabia,1179916.27,13.388017385157633
2019,6,USA,799371.334384,9.07013285097734
2019,6,United Arab Emirates,630319.526,7.151972548265919
2019,7,India,629283.8079,7.098025766478309
2019,7,Kuwait,124144.903,1.4002961926059603
2019,7,Other,1560661.976541,17.60353402261915
2019,7,Russian Federation,3654744.95906,41.22380643462699
2019,7,Saudi Arabia,1228382.823,13.855581248546796
2019,7,USA,1004625.546961,11.33170427789668
2019,7,United Arab Emirates,663773.3904500001,7.487052057226099
2019,8,India,181272.304,1.9390055059137359
2019,8,Kuwait,140074.237,1.4983244035981664
2019,8,Other,2324570.179779,24.865102268873702
2019,8,Russian Federation,4046195.8117799996,43.280720683323565
2019,8,Saudi Arabia,1272172.787,13.60798083344614
2019,8,USA,890470.034484,9.525041948579581
2019,8,United Arab Emirates,493970.239935,5.283824356265114
2019,9,India,620816.095,7.301850426900534
2019,9,Kuwait,268109.916,3.153427432645519
2019,9,Other,1671673.7634160002,19.661719277812125
2019,9,Russian Federation,3638327.55002,42.79290403113262
2019,9,Saudi Arabia,996139.204,11.716286885216402
2019,9,USA,1011984.893115,11.902659069766312
2019,9,United Arab Emirates,295123.488974,3.4711528765264648
2019,10,India,1135613.316309,12.769777855168762
2019,10,Kuwait,200137.372,2.2505105780759136
2019,10,Other,1469806.740309,16.527725850185952
2019,10,Russian Federation,4002283.0581000005,45.00498966633811
2019,10,Saudi Arabia,1019388.1,11.46284514125981
2019,10,USA,389011.281018,4.3743654379646335
2019,10,United Arab Emirates,676736.4172769999,7.609785471006802
2019,11,India,759583.3679,9.158083484615963
2019,11,Kuwait,152961.9,1.8442186985193443
2019,11,Other,1646312.81631,19.849131577542806
2019,11,Russian Federation,3470695.6583100003,41.845203478285825
2019,11,Saudi Arabia,1338922.17,16.143008826224676
2019,11,USA,394671.7486490001,4.75844650619411
2019,11,United Arab Emirates,530982.537316,6.401907428617275
2019,12,India,710133.5227000001,9.293208743138253
2019,12,Kuwait,139818.0,1.8297373923537832
2019,12,Other,1517014.3934369998,19.85250797758924
2019,12,Russian Federation,3713845.91072,48.6014871639172
2019,12,Saudi Arabia,809385.077,10.592070693330232
2019,12,USA,326210.36945,4.268973313566259
2019,12,United Arab Emirates,425017.151,5.562014716105038
2020,1,India,1053246.6865,10.565301985061225
2020,1,Kuwait,206570.875,2.072148627351351
2020,1,Other,2209697.853983,22.16586619479682
2020,1,Russian Federation,4095903.34414,41.086723829404846
2020,1,Saudi Arabia,1416500.509,14.2091647013009
2020,1,USA,447797.999515,4.491940163518639
2020,1,United Arab Emirates,539204.472,5.408854498566218
2020,2,India,568311.592734,7.499880333602856
2020,2,Kuwait,127365.901,1.6808191638079186
2020,2,Other,1290027.003835,17.024196373215933
2020,2,Russian Federation,4312797.717195,56.91502196249842
2020,2,Saudi Arabia,425112.595,5.610115351455916
2020,2,USA,645822.553342,8.522775056383383
2020,2,United Arab Emirates,208171.4447,2.7471917590355712
2020,3,India,610191.9326000001,7.424247540794014
2020,3,Kuwait,289359.844,3.520661279587588
2020,3,Other,1436960.685305,17.483600264323336
2020,3,Russian Federation,4504176.85881,54.80263205846495
2020,3,Saudi Arabia,386073.7249,4.697385772441805
2020,3,USA,634522.7564200001,7.720282360758672
2020,3,United Arab Emirates,357620.278981,4.351190723629633
2020,4,India,167446.386192,3.095934870955648
2020,4,Kuwait,0.131,2.422073580197495e-06
2020,4,Other,1009206.4582710002,18.659330530861645
2020,4,Russian Federation,3369731.2465,62.30333606498949
2020,4,Saudi Arabia,370144.723,6.8436469803650395
2020,4,USA,360078.953587,6.657539849375824
2020,4,United Arab Emirates,131980.8855,2.440209281378784
2020,5,India,51476.905,0.7849725551862202
2020,5,Kuwait,200189.096,3.0526883115358148
2020,5,Other,1547977.86779,23.60515151893521
2020,5,Russian Federation,3469899.178464,52.91257553960271
2020,5,Saudi Arabia,593617.584,9.052088732140186
2020,5,USA,383198.82217400003,5.843408001826739
2020,5,United Arab Emirates,311437.33321099996,4.749115340773128
2020,6,India,189694.25705000001,2.264834354690391
2020,6,Kuwait,334344.251,3.9918675332297147
2020,6,Other,1772229.4919219997,21.159345043548015
2020,6,Russian Federation,3229342.643396,38.55639214160353
2020,6,Saudi Arabia,1779838.25,21.25018899928802
2020,6,USA,800013.7501749999,9.55167886365401
2020,6,United Arab Emirates,270172.27462,3.225693063986318
2020,7,India,168947.2787,2.3843313574129086
2020,7,Kuwait,95421.344,1.3466692356121632
2020,7,Other,1376640.624767,19.42835324000076
2020,7,Russian Federation,3510620.6246920004,49.54494031417406
2020,7,Saudi Arabia,905422.937,12.778118221385668
2020,7,USA,553950.0694070001,7.817826549745827
2020,7,United Arab Emirates,474726.9708,6.6997610816686235
2020,8,India,165144.353,2.347838251033378
2020,8,Kuwait,215355.56,3.0616851993765337
2020,8,Other,1223656.980785,17.39659039768098
2020,8,Russian Federation,3440664.2118,48.91552692344042
2020,8,Saudi Arabia,858559.56283,12.206042445803574
2020,8,USA,842099.322744,11.97202910781736
2020,8,United Arab Emirates,288409.71258500003,4.100287674847748
2020,9,India,88239.12695,1.4057944190395553
2020,9,Kuwait,87082.738257,1.387371245249758
2020,9,Other,1400315.3457729998,22.309326554178107
2020,9,Russian Federation,2633274.9711289997,41.95240123247495
2020,9,Saudi Arabia,881901.52,14.05014167537047
2020,9,USA,566973.165245,9.032815022050857
2020,9,United Arab Emirates,619028.9853,9.862149851636296
2020,10,India,76678.722744,0.9596059033136898
2020,10,Kuwait,213504.382,2.6719285092235405
2020,10,Other,1400074.340335,17.5214134245424
2020,10,Russian Federation,3286975.81841,41.13528872835058
2020,10,Saudi Arabia,1422202.875,17.79834386543028
2020,10,USA,788761.128288,9.871054288899952
2020,10,United Arab Emirates,802449.98531,10.042365280239542
2020,11,India,53717.521,0.8992292938677773
2020,11,Kuwait,39749.609899999996,0.6654069840992217
2020,11,Other,1338226.969481,22.401869453380307
2020,11,Russian Federation,3019725.64731,50.55009447485463
2020,11,Saudi Arabia,910987.219,15.24989199825398
2020,11,USA,151156.82284900002,2.5303595650626356
2020,11,United Arab Emirates,460165.198864,7.703148230481448
2020,12,India,292340.0007,4.28105645561059
2020,12,Kuwait,143105.4818,2.0956511090723065
2020,12,Other,1059214.840426,15.511248955416276
2020,12,Russian Federation,3925327.6081399997,57.48289340143735
2020,12,Saudi Arabia,873230.361,12.787673480340853
2020,12,USA,159372.916903,2.333873069451211
2020,12,United Arab Emirates,376097.077,5.507603528671412
2021,1,India,91720.73298100001,1.282395971202708
2021,1,Kuwait,16991.544,0.23756774353980945
2021,1,Other,1365216.693159,19.087815047100133
2021,1,Russian Federation,4101070.670169,57.3392332803507
2021,1,Saudi Arabia,1028709.0,14.382923405259332
2021,1,USA,245854.60509199998,3.43742297760447
2021,1,United Arab Emirates,302730.9789,4.2326415749428445
2021,2,India,207917.5012,3.102365145983938
2021,2,Kuwait,72179.06509399999,1.0769935889231985
2021,2,Other,1306582.712919,19.495697310280313
2021,2,Russian Federation,3526849.156239,52.624593092496895
2021,2,Saudi Arabia,966333.134,14.418787341269887
2021,2,USA,282101.48005799996,4.2092743242454
2021,2,United Arab Emirates,339939.89925,5.072289196800387
2021,3,India,211804.47672600002,3.0443491360399655
2021,3,Kuwait,55908.355,0.8035927987577435
2021,3,Other,952393.2295479999,13.68912286634803
2021,3,Russian Federation,4263697.617,61.283804560190525
2021,3,Saudi Arabia,572771.073,8.232664144733747
2021,3,USA,207886.80309800003,2.9880388705108882
2021,3,United Arab Emirates,692837.6009249999,9.958427623419098
2021,4,India,524837.90631,7.31092166836414
2021,4,Kuwait,148576.8029,2.0696549442758525
2021,4,Other,1111894.136325,15.488536244148548
2021,4,Russian Federation,3881448.3008270003,54.06805443353437
2021,4,Saudi Arabia,772216.808,10.756876602101906
2021,4,USA,173909.872143,2.422541202353071
2021,4,United Arab Emirates,565936.1652490001,7.883414905222118
2021,5,India,237164.64136699997,3.0089454652445604
2021,5,Kuwait,401497.70135000005,5.093865092283083
2021,5,Other,1731861.1742069998,21.97239772559267
2021,5,Russian Federation,3922351.043824,49.76349053714248
2021,5,Saudi Arabia,786704.8783999999,9.98104971594146
2021,5,USA,184734.95886500002,2.34376175784493
2021,5,United Arab Emirates,617670.972158,7.836489705950819
2021,6,India,607428.061836,8.759401512506408
2021,6,Kuwait,59484.1,0.8577890095086846
2021,6,Other,569947.4947820001,8.218913911801776
2021,6,Russian Federation,3667516.1418999997,52.88732684393834
2021,6,Saudi Arabia,863322.39,12.449519414511949
2021,6,USA,337034.56066799996,4.860198640739262
2021,6,United Arab Emirates,829851.319928,11.966850666993594
2021,7,India,408358.74472099997,5.181553877046633
2021,7,Kuwait,221213.7144,2.806921106313855
2021,7,Other,1459636.5032950004,18.520933567602036
2021,7,Russian Federation,3708734.8423999995,47.05913525790943
2021,7,Saudi Arabia,1086892.55275,13.791286199791418
2021,7,USA,416740.527248,5.28790805290495
2021,7,United Arab Emirates,579432.449663,7.352261938431676
2021,8,India,351103.21443,3.869662689526417
2021,8,Kuwait,205490.103,2.264796652280653
2021,8,Other,1752042.497866,19.31002966026228
2021,8,Russian Federation,3906265.0297200005,43.05266206533968
2021,8,Saudi Arabia,1170628.2473499998,12.902007916475899
2021,8,USA,566167.7596459999,6.239983473440072
2021,8,United Arab Emirates,1121528.454687,12.360857542674996
2021,9,India,296353.069075,4.207596313421537
2021,9,Kuwait,201687.1236,2.863537065341438
2021,9,Other,1327033.2595899997,18.84110823709933
2021,9,Russian Federation,3674425.744509,52.16919218955201
2021,9,Saudi Arabia,582066.8707419999,8.264137189951084
2021,9,USA,149787.780068,2.1266744872151544
2021,9,United Arab Emirates,811932.794,11.527754517419448
2021,10,India,616949.537281,7.86298559867996
2021,10,Kuwait,297256.20389999996,3.788512850961749
2021,10,Other,1773127.351527,22.598403900467126
2021,10,Russian Federation,3573313.52056,45.54167083998388
2021,10,Saudi Arabia,755900.905189,9.633912617431987
2021,10,USA,238397.89054700002,3.038367105984166
2021,10,United Arab Emirates,591304.9692820001,7.536147086491135
2021,11,India,890504.69834,10.317419423575787
2021,11,Kuwait,529844.912,6.138802183460699
2021,11,Other,1473206.7748890002,17.068626614230258
2021,11,Russian Federation,3744694.8529,43.38616908220223
2021,11,Saudi Arabia,1111659.9529839999,12.879732148195085
2021,11,USA,192650.967856,2.232061033965784
2021,11,United Arab Emirates,688517.5886,7.977189514370152
2021,12,India,497709.149178,5.8925960736016
2021,12,Kuwait,556311.717,6.5864174783742655
2021,12,Other,1541420.7350759997,18.24955355206562
2021,12,Russian Federation,3596166.396583,42.576585187395
2021,12,Saudi Arabia,1146086.82465,13.569022659303837
2021,12,USA,325683.77297000005,3.855912484245743
2021,12,United Arab Emirates,782969.0408199999,9.269912565013945
2022,1,India,189459.35463999998,2.625393148899609
2022,1,Kuwait,497715.458,6.8969872509992785
2022,1,Other,998917.4789779999,13.842288814971074
2022,1,Russian Federation,3691224.13924,51.15036195825581
2022,1,Saudi Arabia,934979.88876,12.956287109568624
2022,1,USA,171433.553507,2.375604401925732
2022,1,United Arab Emirates,732688.5409860001,10.153077315379875
2022,2,India,445727.99815999996,6.493720386683978
2022,2,Kuwait,345611.302,5.035140639426853
2022,2,Other,1029466.0279730001,14.998080804533972
2022,2,Russian Federation,3850422.922318,56.09602701923233
2022,2,Saudi Arabia,585025.719,8.523120499244595
2022,2,USA,237448.171698,3.4593340326416895
2022,2,United Arab Emirates,370282.9339400001,5.394576618236584
2022,3,India,735097.904128,9.657624789529553
2022,3,Kuwait,365868.1756,4.806730562735016
2022,3,Other,1371434.9601339998,18.017741846140975
2022,3,Russian Federation,3734095.32048,49.0580796530941
2022,3,Saudi Arabia,745560.0531,9.795075200823536
2022,3,USA,149699.773161,1.9667369912877375
2022,3,United Arab Emirates,509824.50894200004,6.698010956389076
2022,4,India,723737.7212200001,9.539241117480762
2022,4,Kuwait,356427.159,4.697896089743975
2022,4,Other,1734435.980654,22.860771985744453
2022,4,Russian Federation,2697358.6840109997,35.55259607546413
2022,4,Saudi Arabia,971150.76981,12.800274302448006
2022,4,USA,259016.922543,3.4139783034667053
2022,4,United Arab Emirates,844825.564424,11.13524212565198
2022,5,India,463518.40262999997,6.3510896724301835
2022,5,Kuwait,685373.1152,9.390924047480947
2022,5,Other,1488760.191233,20.398865334398973
2022,5,Russian Federation,2484013.5156900003,34.03574161492134
2022,5,Saudi Arabia,1330889.169385,18.23573003977898
2022,5,USA,317572.4498480001,4.3513506584289505
2022,5,United Arab Emirates,528123.165648,7.236298632560612
2022,6,India,281782.20625,3.993061854402058
2022,6,Kuwait,595621.148,8.440391312870428
2022,6,Other,1457880.3471849998,20.659240624519924
2022,6,Russian Federation,2588016.59986,36.67410551215485
2022,6,Saudi Arabia,1037546.811,14.702804156075421
2022,6,USA,266658.945432,3.7787540856817294
2022,6,United Arab Emirates,829289.367051,11.751642454295586
2022,7,India,559427.9937999999,7.073525833335975
2022,7,Kuwait,861814.107,10.896959782061366
2022,7,Other,1134479.6620020003,14.34460070912064
2022,7,Russian Federation,2969242.0033539995,37.54372367654438
2022,7,Saudi Arabia,1350938.37922,17.08155049544055
2022,7,USA,395716.763702,5.0035264265501
2022,7,United Arab Emirates,637138.434587,8.056113076946971
2022,8,India,737117.97536,8.774856917104401
2022,8,Kuwait,597611.681,7.114135278283166
2022,8,Other,2144939.4182489994,25.53395402113196
2022,8,Russian Federation,2769701.120732,32.9712906888444
2022,8,Saudi Arabia,1188539.078,14.148698985048702
2022,8,USA,434380.710222,5.170988508164766
2022,8,United Arab Emirates,528051.83766,6.286075601422627
2022,9,India,514180.88727,6.408200210081338
2022,9,Kuwait,864874.97752,10.77887597507579
2022,9,Other,2032943.7285919997,25.336434611203185
2022,9,Russian Federation,2038992.4482,25.41181937796982
2022,9,Saudi Arabia,1498339.242743,18.673696529441216
2022,9,USA,664697.1526319999,8.284073831978413
2022,9,United Arab Emirates,409767.17512599996,5.106899464250227
2022,10,India,1495718.469767,14.945438401262678
2022,10,Kuwait,533264.60863,5.3284582098492415
2022,10,Other,2557024.447087,25.550163441128532
2022,10,Russian Federation,2445279.30967,24.4335896328459
2022,10,Saudi Arabia,1484331.547,14.83165859828903
2022,10,USA,620087.105575,6.196001337893553
2022,10,United Arab Emirates,872153.964829,8.71469037873107
2022,11,India,333410.22595,4.034002594828704
2022,11,Kuwait,124944.7956,1.5117341653951808
2022,11,Other,2185999.297649001,26.44887934640684
2022,11,Russian Federation,2729651.32398,33.02664305672573
2022,11,Saudi Arabia,1648180.3358600002,19.94169114837518
2022,11,USA,481757.46680200007,5.828888018116204
2022,11,United Arab Emirates,761054.3599960001,9.208161670152164
2022,12,India,984513.38777,10.572082307738517
2022,12,Kuwait,635820.315762,6.827682380626523
2022,12,Other,2740475.2991639995,29.4282747040253
2022,12,Russian Federation,2826513.80516,30.352189176214345
2022,12,Saudi Arabia,1413685.70545,15.180699237766332
2022,12,USA,552515.4821809999,5.933123131162523
2022,12,United Arab Emirates,158864.60604100002,1.705949062466456
2023,1,India,803172.796911,9.51912507798076
2023,1,Kuwait,483591.8744,5.731483382919982
2023,1,Other,1736880.671592,20.585339072737003
2023,1,Russian Federation,2467283.5833380003,29.242002621318274
2023,1,Saudi Arabia,1533213.5418439999,18.171496261076914
2023,1,USA,877042.494058,10.394621470935379
2023,1,United Arab Emirates,536279.514176,6.3559321130316855
2023,2,India,741835.663802,11.751468491222017
2023,2,Kuwait,991170.952,15.701205509784403
2023,2,Other,1974661.3315209998,31.280742555937742
2023,2,Russian Federation,380698.874457,6.030676396570758
2023,2,Saudi Arabia,1121208.61995,17.76114092695556
2023,2,USA,371790.66370299994,5.889560832710866
2023,2,United Arab Emirates,731339.956419,11.585205286818663
2023,3,India,454874.72896000004,8.105365287140827
2023,3,Kuwait,939298.75621,16.737266434312247
2023,3,Other,1957453.5988659998,34.87966123708874
2023,3,Russian Federation,61065.482480000006,1.0881194544870465
2023,3,Saudi Arabia,1358114.77654,24.2001053584323
2023,3,USA,407127.351168,7.254559749114757
2023,3,United Arab Emirates,434085.404138,7.7349224794240845
2023,4,India,1516724.632194,19.290212381738446
2023,4,Kuwait,737249.16734,9.376582086410904
2023,4,Other,2752658.1560019995,35.00922930670206
2023,4,Russian Federation,41824.09345,0.5319328427844645
2023,4,Saudi Arabia,1300496.5208800002,16.54015076764334
2023,4,USA,513286.58634599997,6.5281508938040425
2023,4,United Arab Emirates,1000425.091227,12.723741720916735
2023,5,India,1408372.38546,17.64655427040558
2023,5,Kuwait,1137099.56645,14.24757359443731
2023,5,Other,2061421.1877440002,25.829092674099147
2023,5,Russian Federation,51384.523,0.6438352406932769
2023,5,Saudi Arabia,1737628.26059,21.772048159178258
2023,5,USA,634372.7123609999,7.948531661025466
2023,5,United Arab Emirates,950726.402993,11.91236440016095
2023,6,India,629108.38675,8.937458561584787
2023,6,Kuwait,804552.9910030001,11.42992077221487
2023,6,Other,2088680.9218949995,29.67294599941092
2023,6,Russian Federation,54966.586,0.7808854483480412
2023,6,Saudi Arabia,1626355.15302,23.104892722265298
2023,6,USA,1043424.186685,14.823455905315027
2023,6,United Arab Emirates,791919.36741,11.250440590861054
2023,7,India,1427538.892029,16.663928352991377
2023,7,Kuwait,1228762.3529700001,14.34357265296084
2023,7,Other,2628373.7976200003,30.68149869189678
2023,7,Russian Federation,43527.418,0.5081036873971012
2023,7,Saudi Arabia,1414328.535955,16.5097213969751
2023,7,USA,1132464.4172059998,13.219468846702043
2023,7,United Arab Emirates,691645.42738,8.073706371076776
2023,8,India,1083591.176126,12.896594462560165
2023,8,Kuwait,1527410.50349,18.178806062070443
2023,8,Other,2369427.3269539997,28.200251180967957
2023,8,Russian Federation,39267.318346,0.4673484719127363
2023,8,Saudi Arabia,1255444.08492,14.941938980638675
2023,8,USA,1110101.9135900002,13.212117731399386
2023,8,United Arab Emirates,1016907.4012300001,12.102943110450632
2023,9,India,1300348.3508199998,17.075636377950442
2023,9,Kuwait,1086692.98945,14.270002596315623
2023,9,Other,2607084.77195,34.23515825143104
2023,9,Russian Federation,38716.24,0.5084056404920785
2023,9,Saudi Arabia,1309526.3444619998,17.196157992032628
2023,9,USA,642768.151494,8.440565347983595
2023,9,United Arab Emirates,630089.4428869999,8.274073793794598
2023,10,India,1091961.51126,14.679742760810196
2023,10,Kuwait,1227233.1021500002,16.49826121281994
2023,10,Other,2473056.144513,33.246435575006096
2023,10,Russian Federation,31155.576,0.4188387928775393
2023,10,Saudi Arabia,1054235.6119940002,14.172576078711588
2023,10,USA,772078.018311,10.379401273038955
2023,10,United Arab Emirates,788840.2956640001,10.604744306735686
2023,11,India,1078182.4858,16.046667380731762
2023,11,Kuwait,1116296.0239600001,16.61391390681733
2023,11,Other,2498203.328411,37.180939579725745
2023,11,Russian Federation,37607.658,0.559717475327511
2023,11,Saudi Arabia,727966.408837,10.834376351685615
2023,11,USA,772371.156082,11.495255394473327
2023,11,United Arab Emirates,488415.966465,7.269129911238719
2023,12,India,1311204.972827,18.045351564384156
2023,12,Kuwait,834758.159,11.488291123481394
2023,12,Other,2742666.5188080003,37.74572441488597
2023,12,Russian Federation,41851.954,0.5759841056414898
2023,12,Saudi Arabia,765862.483842,10.540120009691886
2023,12,USA,1085659.538678,14.941300910743626
2023,12,United Arab Emirates,484161.114212,6.663227871171465
2024,1,India,1272595.51053,17.06443066753488
2024,1,Kuwait,921192.0019,12.352406493531817
2024,1,Other,1830538.136754,24.54596991773745
2024,1,Russian Federation,157229.908,2.1083202335135365
2024,1,Saudi Arabia,1226590.7566600002,16.447545784399725
2024,1,USA,1208631.502984,16.20672736514635
2024,1,United Arab Emirates,840813.5632999999,11.274599538136245
2024,2,India,592898.259242,10.363092492451583
2024,2,Kuwait,653871.7735,11.428830429772061
2024,2,Other,1661459.9864550005,29.040165397268957
2024,2,Russian Federation,36970.947,0.6462041966261601
2024,2,Saudi Arabia,1117275.47,19.528525939610514
2024,2,USA,1297982.4462459998,22.687049479994503
2024,2,United Arab Emirates,360789.47729,6.30613206427622
2024,3,India,644363.796984,8.994554758857426
2024,3,Kuwait,667917.60447,9.323337990013526
2024,3,Other,2516713.7124900003,35.13034004286364
2024,3,Russian Federation,333.113,0.004649862598444014
2024,3,Saudi Arabia,1222029.9738,17.058089805411793
2024,3,USA,1337242.452662,18.66631943419973
2024,3,United Arab Emirates,775331.4617379999,10.82270810605546
2024,4,India,1285606.2554499998,14.409018264656162
2024,4,Kuwait,1604581.4352209999,17.98407802483409
2024,4,Other,2654728.6248480002,29.7540814545516
2024,4,Russian Federation,109.404,0.0012261952114371558
2024,4,Saudi Arabia,1076604.7730999999,12.06653885950793
2024,4,USA,1560924.536297,17.494773425305695
2024,4,United Arab Emirates,739678.476773,8.290283775933075
2024,5,India,1241492.139457,14.429953439221649
2024,5,Kuwait,1111507.5737680001,12.919133377541606
2024,5,Other,2609527.8645729995,30.330732178948367
2024,5,Russian Federation,34125.278,0.3966405883615749
2024,5,Saudi Arabia,1489460.5751890002,17.312108604194663
2024,5,USA,1392939.941047,16.190242252948668
2024,5,United Arab Emirates,724523.5188140001,8.421189558783478
2024,6,India,1163328.99104,14.837761529702442
2024,6,Kuwait,1417014.00132,18.07340485604101
2024,6,Other,2118573.5102989995,27.02149501222247
2024,6,Russian Federation,728.211,0.009288018475020214
2024,6,Saudi Arabia,1410713.4048499998,17.9930434547205
2024,6,USA,960033.0965499999,12.244809728756177
2024,6,United Arab Emirates,769935.5667890001,9.820197400082384
2024,7,India,718166.9871360001,9.664777481701314
2024,7,Kuwait,1429580.2002,19.238665623267583
2024,7,Other,2031323.623566,27.336665659585393
2024,7,Russian Federation,65152.482,0.8767936318288414
2024,7,Saudi Arabia,1196566.7809229998,16.102872850971703
2024,7,USA,1390668.139931,18.715004120315186
2024,7,United Arab Emirates,599307.6626,8.065220632329984
2024,8,India,1119988.657722,13.39634213490021
2024,8,Kuwait,1189549.479601,14.228368926110127
2024,8,Other,2103033.827249,25.15468391295908
2024,8,Russian Federation,34.879,0.00041719263324822343
2024,8,Saudi Arabia,936810.43619,11.205321618410016
2024,8,USA,1765431.54157,21.1165754077542
2024,8,United Arab Emirates,1245557.672051,14.898290807233117
2024,9,India,856392.8588670001,11.012563846427476
2024,9,Kuwait,1392181.3274559998,17.90239794233778
2024,9,Other,2364165.3835489997,30.401377078612985
2024,9,Russian Federation,62119.005,0.7988033780945952
2024,9,Saudi Arabia,873732.06759,11.235532944232883
2024,9,USA,1376340.192869,17.698692943828124
2024,9,United Arab Emirates,851576.71377,10.950631866466152
2024,10,India,1126669.061615,12.071953107846987
2024,10,Kuwait,1277210.94794,13.684968548137158
2024,10,Other,2289467.638385,24.53102416152202
2024,10,Russian Federation,30350.21,0.3251942601566781
2024,10,Saudi Arabia,1593063.9471300002,17.069247681291756
2024,10,USA,1945823.171442,20.84896699669631
2024,10,United Arab Emirates,1070362.65466,11.468645244349105
2024,11,India,1449027.546593,16.723400272648725
2024,11,Kuwait,1644020.705679,18.97383965007167
2024,11,Other,2659821.5791120003,30.697319057808357
2024,11,Russian Federation,63439.263,0.7321601239709374
2024,11,Saudi Arabia,1050680.96452,12.126034711923865
2024,11,USA,1125672.088913,12.991516250262336
2024,11,United Arab Emirates,672008.4512769999,7.755729933314106
2024,12,India,273326.81561,3.8542509355355588
2024,12,Kuwait,1889703.329,26.64718720491484
2024,12,Other,1829051.618481,25.791922010799233
2024,12,Russian Federation,58015.4,0.8180899090578977
2024,12,Saudi Arabia,482119.82494,6.798494257389834
2024,12,USA,2045008.3040160004,28.837182152585267
2024,12,United Arab Emirates,514342.438792,7.25287352971736
2025,1,India,28852.957361,0.5306709788340681
2025,1,Kuwait,1329972.038,24.461186227703184
2025,1,Other,1796535.6347720001,33.04234335102829
2025,1,Russian Federation,0.0,0.0
2025,1,Saudi Arabia,609016.995152,11.201196497823872
2025,1,USA,1242147.496444,22.845894774211757
2025,1,United Arab Emirates,430545.77752999996,7.918708170398839
2025,2,India,375473.196069,5.942224602563552
2025,2,Kuwait,1688672.5049299998,26.72486720629627
2025,2,Other,2202405.670934,34.855188864785156
2025,2,Russian Federation,61.812,0.0009782343745947718
2025,2,Saudi Arabia,714258.3896649999,11.303826265336989
2025,2,USA,982572.4519839999,15.550154469368724
2025,2,United Arab Emirates,355287.109337,5.622760357274712
2025,3,India,744591.624,10.82113271650644
2025,3,Kuwait,1428931.605,20.76662970965083
2025,3,Other,2041034.7455510003,29.66231038426015
2025,3,Russian Federation,29920.157,0.43482894429619473
2025,3,Saudi Arabia,1386678.123,20.152560840597157
2025,3,USA,855577.860683,12.434093107331813
2025,3,United Arab Emirates,394168.68400999997,5.72844429735742
2025,4,India,695841.842756,9.398183925851962
2025,4,Kuwait,1366714.134,18.459123921781046
2025,4,Other,1963589.864862,26.520651060334284
2025,4,Russian Federation,30063.736,0.4060470398089188
2025,4,Saudi Arabia,1662767.053265,22.45767591459864
2025,4,USA,916781.7333310001,12.38224380928379
2025,4,United Arab Emirates,768244.87988,10.376074328341375
2025,5,India,1152227.502031,13.530659037160778
2025,5,Kuwait,1649207.56192,19.366718085198396
2025,5,Other,2250515.1426159996,26.42789987136159
2025,5,Russian Federation,59817.524,0.7024398569419027
2025,5,Saudi Arabia,1519823.2513200003,17.847352345011778
2025,5,USA,1047560.412313,12.301548726141595
2025,5,United Arab Emirates,836527.693319,9.823382078183949
2025,6,India,1410831.8171940001,17.68210099103338
2025,6,Kuwait,1721662.61751,21.577775539430295
2025,6,Other,2112395.615277,26.474872587316955
2025,6,Russian Federation,59660.227,0.7477277915805022
2025,6,Saudi Arabia,1059064.172975,13.273360746693566
2025,6,USA,1176809.831372,14.749079253788436
2025,6,United Arab Emirates,438445.52554299997,5.495083090156864
2025,7,India,736438.6410109999,8.983557014283344
2025,7,Kuwait,1831454.512868,22.341272061483874
2025,7,Other,2280248.9209729997,27.815957837569584
2025,7,Russian Federation,29875.434,0.36443995428731213
2025,7,Saudi Arabia,1410472.2903,17.205857394421532
2025,7,USA,1356468.977758,16.54708990156536
2025,7,United Arab Emirates,552669.84436,6.7418258363889985
2025,8,India,713270.026356,8.70104380870947
2025,8,Kuwait,1487495.944,18.145676806502713
2025,8,Other,2380328.078005,29.037164216242406
2025,8,Russian Federation,59947.175,0.7312840531771289
2025,8,Saudi Arabia,1468521.1292309999,17.914206692146877
2025,8,USA,1465218.3062459999,17.873916190060708
2025,8,United Arab Emirates,622741.86877,7.596708233160698
2025,9,India,842490.771945,11.100539555160431
2025,9,Kuwait,966363.706,12.732671858659506
2025,9,Other,2455548.418857,32.35395954569963
2025,9,Russian Federation,74743.346,0.984807782336406
2025,9,Saudi Arabia,1393341.9202150002,18.358476572393265
2025,9,USA,1182173.705598,15.576153967556895
2025,9,United Arab Emirates,674976.16437,8.893390718193874
2025,10,India,1162891.8268169998,14.66250379498276
2025,10,Kuwait,1469747.72488,18.53154446248555
2025,10,Other,1979539.9556320005,24.959339675831924
2025,10,Russian Federation,32891.637,0.41471935842540675
2025,10,Saudi Arabia,1448957.0373200001,18.26940182099567
2025,10,USA,1589339.127406,20.03943139826735
2025,10,United Arab Emirates,247691.69067,3.1230594890113466
2025,11,India,1129467.9984189998,16.162047108096203
2025,11,Kuwait,849223.96747,12.151913809675595
2025,11,Other,2450670.8404860003,35.0677111930701
2025,11,Russian Federation,82.004,0.0011734307770627547
2025,11,Saudi Arabia,1272596.786205,18.210138965466285
2025,11,USA,715710.837313,10.24141656480694
2025,11,United Arab Emirates,570644.462025,8.165598928107816
2025,12,India,893551.902849,12.61578851145243
2025,12,Kuwait,1299983.098,18.354067380462176
2025,12,Other,2101188.602496,29.666045080588226
2025,12,Russian Federation,61645.08,0.8703482020148399
2025,12,Saudi Arabia,978642.7467449999,13.81716034830963
2025,12,USA,1432986.393546,20.23190060154826
2025,12,United Arab Emirates,314808.788395,4.444689875624436
2026,1,India,204002.715588,5.491707953235118
2026,1,Kuwait,434101.37106,11.685912832528501
2026,1,Other,1129680.180705,30.410740440921185
2026,1,Russian Federation,9.545,0.00025694928747660553
2026,1,Saudi Arabia,1034938.52528,27.860316045341527
2026,1,USA,658559.725764,17.728282063472868
2026,1,United Arab Emirates,253448.72990799998,6.822783715213331
2026,2,India,265795.71608,5.692211763050481
2026,2,Kuwait,735741.0832999999,15.756439233427106
2026,2,Other,1313274.943152,28.124753813862398
2026,2,Russian Federation,62.403,0.0013364063796375359
2026,2,Saudi Arabia,1093208.666661,23.411871807458056
2026,2,USA,1138659.844862,24.385242390761082
2026,2,United Arab Emirates,122720.23618,2.62814458506125
2026,3,India,273455.92156,4.713671892106975
2026,3,Kuwait,1062930.18127,18.322163550681207
2026,3,Other,1695580.8565579997,29.227422755218946
2026,3,Russian Federation,0.002,3.447482040408278e-08
2026,3,Saudi Arabia,1193831.21976,20.578558447006543
2026,3,USA,1111898.9913370002,19.16625901691194
2026,3,United Arab Emirates,463638.342995,7.991924303599579
2026,4,India,66638.698907,1.9239708397327562
2026,4,Kuwait,322024.239,9.297379085804002
2026,4,Other,1230977.061714,35.54036933438481
2026,4,Russian Federation,0.0,0.0
2026,4,Saudi Arabia,763521.2542950001,22.044137308711015
2026,4,USA,1041923.9989939999,30.08209079951924
2026,4,United Arab Emirates,38517.08091,1.1120526318481714
2026,5,India,1565.20767,0.05339901802968379
2026,5,Kuwait,92066.005,3.1409469523721145
2026,5,Other,1100472.5329230002,37.543997357697
2026,5,Russian Federation,43.0,0.001466998801044978
2026,5,Saudi Arabia,288588.669,9.845563521352696
2026,5,USA,1333743.403858,45.50232498514729
2026,5,United Arab Emirates,114675.58804,3.9123011666001815
2026,6,India,108.17,0.05031858099871112
2026,6,Kuwait,0.0,0.0
2026,6,Other,214692.03,99.87055839264785
2026,6,Russian Federation,0.0,0.0
2026,6,Saudi Arabia,0.0,0.0
2026,6,USA,113.554,0.05282311312496665
2026,6,United Arab Emirates,56.537,0.026299913228474907
